ShotID,Scene,Frame,In,Out,DurationSec,ShotType,Purpose,Transition,AudioNote
SH001,S1,F1,,,,Storyboard Shot,Story Progression,Cut,Use scene ambience and dialogue
SH002,S1,F2,,,,Storyboard Shot,Story Progression,Cut,Use scene ambience and dialogue
SH003,S1,F3,,,,Storyboard Shot,Story Progression,Cut,Use scene ambience and dialogue
SH004,S2,F4,,,,Storyboard Shot,Story Progression,Cut,Use scene ambience and dialogue
SH005,S2,F5,,,,Storyboard Shot,Story Progression,Cut,Use scene ambience and dialogue
SH006,S2,F6,,,,Storyboard Shot,Story Progression,Cut,Use scene ambience and dialogue
SH007,S3,F7,,,,Storyboard Shot,Story Progression,Cut,Use scene ambience and dialogue
SH008,S3,F8,,,,Storyboard Shot,Story Progression,Cut,Use scene ambience and dialogue
SH009,S3,F9,,,,Storyboard Shot,Story Progression,Cut,Use scene ambience and dialogue
SH010,S3,F10,,,,Storyboard Shot,Story Progression,Cut,Use scene ambience and dialogue
SH011,S4,F11,,,,Storyboard Shot,Story Progression,Cut,Use scene ambience and dialogue
SH012,S4,F12,,,,Storyboard Shot,Story Progression,Cut,Use scene ambience and dialogue
SH013,S4,F13,,,,Storyboard Shot,Story Progression,Cut,Use scene ambience and dialogue
SH014,S5,F14,,,,Storyboard Shot,Story Progression,Cut,Use scene ambience and dialogue
SH015,S5,F15,,,,Storyboard Shot,Story Progression,Cut,Use scene ambience and dialogue
SH016,S5,F16,,,,Storyboard Shot,Story Progression,Cut,Use scene ambience and dialogue
SH017,S6,F17,,,,Storyboard Shot,Story Progression,Cut,Use scene ambience and dialogue
SH018,S6,F18,,,,Storyboard Shot,Story Progression,Cut,Use scene ambience and dialogue
SH019,S7,F19,,,,Storyboard Shot,Story Progression,Cut,Use scene ambience and dialogue
SH020,S7,F20,,,,Storyboard Shot,Story Progression,Cut,Use scene ambience and dialogue
SH021,S7,F21,,,,Storyboard Shot,Story Progression,Cut,Use scene ambience and dialogue
SH022,S7,F22,,,,Storyboard Shot,Story Progression,Cut,Use scene ambience and dialogue
SH023,S7,F23,,,,Storyboard Shot,Story Progression,Cut,Use scene ambience and dialogue
SH024,S8,F24,,,,Storyboard Shot,Story Progression,Cut,Use scene ambience and dialogue
SH025,S8,F25,,,,Storyboard Shot,Story Progression,Cut,Use scene ambience and dialogue
SH026,S8,F26,,,,Storyboard Shot,Story Progression,Cut,Use scene ambience and dialogue
SH027,S8,F27,,,,Storyboard Shot,Story Progression,Cut,Use scene ambience and dialogue
SH028,S9,F28,,,,Storyboard Shot,Story Progression,Cut,Use scene ambience and dialogue
SH029,S9,F29,,,,Storyboard Shot,Story Progression,Cut,Use scene ambience and dialogue
SH030,S9,F30,,,,Storyboard Shot,Story Progression,Cut,Use scene ambience and dialogue
SH031,S9,F31,,,,Storyboard Shot,Story Progression,Cut,Use scene ambience and dialogue
SH032,S10,F32,,,,Storyboard Shot,Story Progression,Cut,Use scene ambience and dialogue
SH033,S10,F33,,,,Storyboard Shot,Story Progression,Cut,Use scene ambience and dialogue
SH034,S10,F34,,,,Storyboard Shot,Story Progression,Cut,Use scene ambience and dialogue
SH035,S10,F35,,,,Storyboard Shot,Story Progression,Cut,Use scene ambience and dialogue
SH036,S11,F36,,,,Storyboard Shot,Story Progression,Cut,Use scene ambience and dialogue
SH037,S11,F37,,,,Storyboard Shot,Story Progression,Cut,Use scene ambience and dialogue
SH038,S11,F38,,,,Storyboard Shot,Story Progression,Cut,Use scene ambience and dialogue
SH039,S11,F39,,,,Storyboard Shot,Story Progression,Cut,Use scene ambience and dialogue
